,city,lat,long,temp,humidity,wind,cloudiness,country,date
0,saint george,37.1,-113.58,66.0,36,21.92,1,US,1586558716
1,puerto ayora,-0.74,-90.35,84.2,70,6.93,40,EC,1586558748
2,port alfred,-33.59,26.89,64.76,86,4.05,49,ZA,1586558507
3,pevek,69.7,170.31,6.08,88,22.95,100,RU,1586558508
4,leopold,-38.18,144.47,57.0,93,18.34,90,AU,1586558749
5,gawler,-34.6,138.73,63.0,59,17.22,40,AU,1586558749
6,kapaa,22.08,-159.32,80.6,54,14.99,1,US,1586558749
7,jamestown,42.1,-79.24,39.99,59,23.04,90,US,1586558521
8,tuatapere,-46.13,167.68,57.0,81,3.0,0,NZ,1586558749
9,ushuaia,-54.8,-68.3,44.6,73,18.34,75,AR,1586558505
10,coracora,-15.03,-73.78,51.84,29,2.44,5,PE,1586558749
11,punta arenas,-53.15,-70.92,44.6,75,9.17,75,CL,1586558749
12,albany,42.6,-73.97,44.6,52,24.16,75,US,1586558725
13,jutai,-5.18,-68.9,76.77,92,1.88,97,BR,1586558750
14,vila,42.03,-8.16,57.99,100,2.24,75,PT,1586558750
15,barrow,71.29,-156.79,-2.2,77,10.29,90,US,1586558750
16,det udom,14.91,105.08,80.6,83,9.17,100,TH,1586558750
17,port moresby,-9.44,147.18,82.4,83,3.36,40,PG,1586558475
18,livingston,55.9,-3.52,54.0,100,1.12,100,GB,1586558751
19,tiksi,71.69,128.87,23.34,93,26.69,68,RU,1586558751
20,qaanaaq,77.48,-69.36,5.74,76,7.27,28,GL,1586558751
21,kodiak,57.79,-152.41,39.2,69,10.29,1,US,1586558751
22,hobart,-42.88,147.33,55.0,81,6.93,75,AU,1586558751
23,yeppoon,-23.13,150.73,71.6,94,2.55,19,AU,1586558751
24,isangel,-19.55,169.27,78.8,69,4.7,20,VU,1586558752
25,rikitea,-23.12,-134.97,77.43,74,7.4,86,PF,1586558513
26,chuy,-33.7,-53.46,61.65,84,6.78,0,UY,1586558752
27,busselton,-33.65,115.33,66.99,52,11.79,64,AU,1586558752
28,butaritari,3.07,172.79,84.7,74,9.82,100,KI,1586558752
29,saint-philippe,-21.36,55.77,77.0,73,14.99,73,RE,1586558752
30,castro,-24.79,-50.01,55.06,63,3.33,27,BR,1586558752
31,mossendjo,-2.95,12.73,71.04,86,1.79,68,CG,1586558753
32,mataura,-46.19,168.86,57.0,81,3.0,0,NZ,1586558753
33,cape town,-33.93,18.42,62.01,93,6.93,63,ZA,1586558753
34,ndele,8.41,20.65,78.35,56,0.16,84,CF,1586558753
35,lugovskoy,56.96,64.53,37.4,69,6.71,0,RU,1586558753
36,vincennes,48.85,2.43,64.99,51,6.93,32,FR,1586558753
37,katobu,-4.94,122.53,81.0,80,1.5,35,ID,1586558753
38,san quintin,30.48,-115.95,61.03,66,11.61,28,MX,1586558753
39,hilo,19.73,-155.09,80.6,61,8.05,75,US,1586558754
40,la ligua,-32.45,-71.23,60.8,77,9.17,20,CL,1586558754
41,grajau,-5.82,-46.14,75.94,86,2.1,41,BR,1586558727
42,yellowknife,62.46,-114.35,19.0,61,16.11,75,CA,1586558717
43,kadoma,34.73,135.58,48.2,81,2.24,40,JP,1586558754
44,awjilah,29.11,21.29,56.17,63,9.46,2,LY,1586558754
45,lewisporte,49.25,-55.05,37.99,100,20.8,75,CA,1586558754
46,union de san antonio,21.1,-101.97,89.6,11,6.93,40,MX,1586558754
47,muroto,33.28,134.15,48.2,61,6.93,75,JP,1586558755
48,marawi,8.0,124.29,75.31,62,2.24,50,PH,1586558508
49,nikolskoye,59.7,30.79,33.8,80,8.95,90,RU,1586558755
50,esperance,-33.87,121.9,59.0,87,5.82,40,AU,1586558755
51,victoria,22.29,114.16,73.99,88,14.99,40,HK,1586558588
52,pathein,16.78,94.73,75.58,92,6.8,44,MM,1586558524
53,vaini,-21.2,-175.2,80.6,69,11.41,40,TO,1586558755
54,gizo,-8.1,156.84,84.74,73,8.79,65,SB,1586558755
55,lagoa,39.05,-27.98,61.41,75,6.98,15,PT,1586558755
56,buala,-8.14,159.59,85.01,71,7.02,4,SB,1586558755
57,khatanga,71.97,102.5,30.99,96,21.07,92,RU,1586558513
58,thompson,55.74,-97.86,33.8,43,6.67,90,CA,1586558535
59,bodden town,19.28,-81.25,86.0,74,4.72,20,KY,1586558756
60,netarhat,23.48,84.27,66.42,17,1.92,0,IN,1586558756
61,puerto cabezas,14.04,-83.39,86.0,79,6.93,40,NI,1586558756
62,nome,64.5,-165.41,28.0,86,12.75,90,US,1586558756
63,krasnovishersk,60.41,57.08,40.05,89,9.46,97,RU,1586558756
64,narsaq,60.92,-46.05,44.6,26,32.21,100,GL,1586558756
65,kudahuvadhoo,2.67,72.89,83.84,66,2.48,16,MV,1586558756
66,filingue,14.35,3.32,83.62,35,11.14,94,NE,1586558757
67,east london,-33.02,27.91,69.04,77,4.05,96,ZA,1586558757
68,hambantota,6.12,81.12,80.01,80,11.3,4,LK,1586558757
69,minuri,16.54,121.86,78.75,73,0.56,74,PH,1586558757
70,bredasdorp,-34.53,20.04,59.0,87,6.93,69,ZA,1586558757
71,bethel,41.37,-73.41,46.99,48,10.29,90,US,1586558541
72,tuktoyaktuk,69.45,-133.04,10.4,72,6.93,20,CA,1586558759
73,cabo san lucas,22.89,-109.91,78.01,36,13.87,40,MX,1586558759
74,tyler,32.35,-95.3,71.6,28,4.7,1,US,1586558677
75,atuona,-9.8,-139.03,82.24,78,11.1,79,PF,1586558759
76,ichinoseki,38.92,141.13,45.61,55,8.14,1,JP,1586558759
77,bambous virieux,-20.34,57.76,79.0,78,13.87,40,MU,1586558506
78,havre-saint-pierre,50.23,-63.6,32.0,97,21.92,90,CA,1586558760
79,innisfail,-17.53,146.03,71.01,92,1.99,97,AU,1586558760
80,cayenne,4.93,-52.33,82.4,74,4.7,75,GF,1586558518
81,finnsnes,69.23,17.98,26.6,92,21.92,100,NO,1586558761
82,el alto,-4.27,-81.21,74.32,70,9.35,39,PE,1586558761
83,port elizabeth,-33.92,25.57,59.0,100,3.36,75,ZA,1586558761
84,otane,-39.88,176.63,64.62,56,6.38,21,NZ,1586558761
85,severo-kurilsk,50.68,156.12,31.64,95,8.61,79,RU,1586558761
86,avarua,-21.21,-159.78,84.2,89,6.93,100,CK,1586558762
87,rumonge,-3.97,29.44,70.09,62,4.36,36,BI,1586558762
88,batagay-alyta,67.8,130.41,23.11,88,9.08,32,RU,1586558762
89,cao bang,22.67,106.25,74.12,77,3.33,87,VN,1586558762
90,tasiilaq,65.61,-37.64,23.0,67,3.53,99,GL,1586558762
91,namibe,-15.2,12.15,75.92,58,6.53,8,AO,1586558516
92,bluff,-46.6,168.33,57.0,81,3.0,0,NZ,1586558506
93,mahebourg,-20.41,57.7,79.0,78,13.87,40,MU,1586558763
94,majene,-3.54,118.97,81.12,80,2.86,83,ID,1586558763
95,carnarvon,-24.87,113.63,73.4,100,5.82,85,AU,1586558763
96,ribeira grande,38.52,-28.7,61.83,75,4.81,21,PT,1586558520
97,longyearbyen,78.22,15.64,-5.8,76,4.7,20,SJ,1586558763
98,arraial do cabo,-22.97,-42.03,71.6,88,3.36,75,BR,1586558570
99,great bend,38.36,-98.76,69.8,25,24.16,13,US,1586558764
100,dasoguz,41.84,59.97,46.4,52,6.93,6,TM,1586558504
101,chumikan,54.72,135.31,40.6,69,7.58,0,RU,1586558764
102,tadine,-21.55,167.88,79.0,55,7.34,37,NC,1586558764
103,georgetown,5.41,100.34,82.4,88,5.82,20,MY,1586558764
104,alabaster,33.24,-86.82,63.0,26,5.82,20,US,1586558764
105,camacha,33.08,-16.33,66.2,77,4.7,20,PT,1586558764
106,lompoc,34.64,-120.46,66.2,59,12.75,1,US,1586558766
107,iwanai,42.97,140.51,40.19,69,5.84,76,JP,1586558766
108,yulara,-25.24,130.99,55.4,43,4.7,9,AU,1586558552
109,husavik,66.04,-17.34,32.0,90,9.17,75,IS,1586558766
110,taoudenni,22.68,-3.98,84.0,13,5.48,0,ML,1586558538
111,coquimbo,-29.95,-71.34,64.4,59,10.29,3,CL,1586558766
112,peniche,39.36,-9.38,60.01,87,4.7,75,PT,1586558766
113,kushiro,42.98,144.37,32.0,74,8.05,20,JP,1586558766
114,vardo,70.37,31.11,27.88,92,16.26,100,NO,1586558523
115,keflavik,64.0,-22.56,42.8,93,12.75,90,IS,1586558767
116,matara,5.95,80.54,76.69,88,6.82,3,LK,1586558767
117,the valley,18.22,-63.06,84.2,70,6.93,20,AI,1586558645
118,belmonte,-15.86,-38.88,77.0,88,3.36,40,BR,1586558767
119,ust-karsk,52.7,118.81,43.81,49,2.39,0,RU,1586558767
120,port macquarie,-31.43,152.92,66.0,100,1.12,75,AU,1586558767
121,koungou,-12.73,45.2,82.4,78,6.93,20,YT,1586558768
122,campbellsville,37.34,-85.34,54.0,30,8.05,1,US,1586558768
123,partyzany,46.33,34.75,48.06,67,14.5,31,UA,1586558768
124,nueva germania,-23.9,-56.57,65.84,43,4.27,43,PY,1586558768
125,pospelikha,51.95,81.77,33.57,82,4.29,0,RU,1586558768
126,tiznit,29.58,-9.5,63.18,62,3.38,68,MA,1586558768
127,mandalgovi,45.76,106.27,36.48,36,8.7,10,MN,1586558769
128,nanortalik,60.14,-45.24,32.83,88,6.33,100,GL,1586558549
129,tessalit,20.2,1.01,82.24,15,8.32,61,ML,1586558769
130,norfolk,42.17,-71.25,44.01,80,14.99,100,US,1586558769
131,bengkulu,-3.8,102.27,77.63,80,4.59,99,ID,1586558550
132,uvalde,29.37,-99.77,75.99,69,13.87,75,US,1586558769
133,hermanus,-34.42,19.23,61.0,97,1.99,69,ZA,1586558769
134,pucara,-15.98,-71.46,39.54,20,5.95,1,PE,1586558769
135,creel,27.75,-107.63,56.08,18,16.89,31,MX,1586558770
136,kruisfontein,-34.0,24.73,57.81,58,4.52,0,ZA,1586558770
137,bela vista de goias,-16.97,-48.95,80.6,51,5.82,31,BR,1586558770
138,rumilly,45.87,5.95,64.4,66,5.82,0,FR,1586558770
139,harnoli,32.28,71.55,72.75,46,5.14,53,PK,1586558770
140,anadyr,64.75,177.48,-2.0,84,6.71,0,RU,1586558564
141,sergeyevka,53.88,67.42,36.23,79,7.83,0,KZ,1586558770
142,srednekolymsk,67.45,153.68,24.93,97,10.69,100,RU,1586558770
143,encruzilhada,-15.53,-40.91,69.58,80,5.35,93,BR,1586558770
144,yelizovo,53.19,158.38,32.0,92,2.24,55,RU,1586558771
145,eureka,40.8,-124.16,57.0,81,11.41,75,US,1586558771
146,troitsko-pechorsk,62.71,56.2,34.5,87,9.26,98,RU,1586558771
147,dikson,73.51,80.55,9.77,95,10.27,97,RU,1586558771
148,cherskiy,68.75,161.3,12.56,91,22.32,100,RU,1586558771
149,zharkent,44.16,80.0,45.66,38,3.67,48,KZ,1586558771
150,talnakh,69.49,88.4,21.2,85,24.61,40,RU,1586558528
151,vestmannaeyjar,63.44,-20.27,43.75,86,8.61,100,IS,1586558771
152,langres,47.83,5.33,51.8,66,6.93,0,FR,1586558772
153,mogadishu,2.04,45.34,83.5,71,7.23,87,SO,1586558772
154,bathsheba,13.22,-59.52,80.6,69,10.29,20,BB,1586558772
155,marzuq,14.4,46.47,69.58,38,3.69,0,YE,1586558772
156,emba,48.83,58.14,42.89,60,8.39,100,KZ,1586558772
157,xiaolingwei,32.03,118.85,52.0,100,6.71,90,CN,1586558772
158,puerto ayacucho,5.66,-67.62,86.0,62,6.93,75,VE,1586558772
159,setermoen,68.86,18.35,21.2,92,21.92,100,NO,1586558772
160,new norfolk,-42.78,147.06,55.0,81,6.93,75,AU,1586558773
161,torbay,47.67,-52.73,39.99,100,14.99,90,CA,1586558773
162,beni mazar,28.5,30.8,59.88,57,6.42,1,EG,1586558773
163,bocas del toro,9.33,-82.25,71.01,66,5.01,44,PA,1586558560
164,gumdag,39.21,54.59,55.35,50,3.38,57,TM,1586558528
165,skibotn,69.39,20.27,26.6,92,13.87,75,NO,1586558773
166,cidreira,-30.18,-50.21,64.67,77,6.71,5,BR,1586558773
167,riyadh,24.69,46.72,84.2,18,8.05,40,SA,1586558741
168,viet tri,21.3,105.43,73.4,88,3.36,75,VN,1586558774
169,naco,31.33,-109.95,73.99,10,18.34,1,MX,1586558774
170,hasaki,35.73,140.83,48.2,45,3.36,20,JP,1586558774
171,saginaw,43.33,-84.03,42.8,48,20.8,90,US,1586558774
172,lavrentiya,65.58,-171.0,14.16,94,10.47,100,RU,1586558511
173,san patricio,19.22,-104.7,80.6,78,11.41,5,MX,1586558774
174,hithadhoo,-0.6,73.08,84.34,61,6.89,37,MV,1586558774
175,pontianak,-0.03,109.33,77.0,94,3.62,40,ID,1586558775
176,goderich,43.75,-81.72,39.0,64,12.91,0,CA,1586558711
177,samarai,-10.62,150.67,83.57,66,7.29,49,PG,1586558775
178,covilha,40.29,-7.5,55.0,93,1.9,77,PT,1586558775
179,chokurdakh,70.63,147.92,23.54,96,13.87,40,RU,1586558775
180,ponta do sol,32.67,-17.1,66.2,68,11.41,20,PT,1586558775
181,geraldton,-28.77,114.6,64.4,72,10.29,2,AU,1586558775
182,columbus,39.96,-83.0,45.0,48,17.22,90,US,1586558545
183,emerald,-23.53,148.17,75.2,69,4.7,35,AU,1586558776
184,terney,45.05,136.61,32.5,92,6.6,100,RU,1586558776
185,omsukchan,62.53,155.8,13.41,87,8.19,0,RU,1586558776
186,ostrovnoy,68.05,39.51,14.34,94,11.27,49,RU,1586558776
187,koygorodok,60.45,51.0,27.7,97,5.01,94,RU,1586558776
188,den chai,17.98,100.05,81.0,61,0.6,76,TH,1586558777
189,lae,-6.72,146.98,86.67,57,1.52,100,PG,1586558777
190,roald,62.58,6.13,39.99,86,9.17,75,NO,1586558777
191,hofn,64.25,-15.21,41.07,87,12.1,100,IS,1586558563
192,boissevain,49.23,-100.06,55.0,37,12.75,1,CA,1586558777
193,tengzhou,35.08,117.15,46.0,84,1.01,96,CN,1586558777
194,aklavik,68.22,-135.01,24.8,38,8.05,75,CA,1586558777
195,asfi,32.3,-9.24,62.53,80,14.94,49,MA,1586558778
196,boda,4.32,17.47,74.95,66,0.4,44,CF,1586558778
197,tanete,-3.94,119.78,79.12,86,2.77,70,ID,1586558559
198,vostok,46.49,135.88,34.56,61,4.79,49,RU,1586558580
199,laguna,38.42,-121.42,73.99,46,7.87,20,US,1586558661
200,cartagena,10.4,-75.51,87.8,70,13.87,40,CO,1586558778
201,naryan-mar,67.67,53.09,9.84,95,4.32,14,RU,1586558778
202,wellington,-41.29,174.78,62.01,72,21.92,1,NZ,1586558735
203,clyde river,70.47,-68.59,10.4,85,18.34,75,CA,1586558504
204,sao joao da barra,-21.64,-41.05,72.9,82,5.48,96,BR,1586558779
205,avon park,27.6,-81.51,86.0,54,8.05,75,US,1586558716
206,provideniya,64.38,-173.3,14.2,93,13.6,100,RU,1586558779
207,puerto colombia,10.99,-74.95,82.4,78,16.11,40,CO,1586558544
208,adrar,20.5,-10.07,80.8,14,10.92,0,MR,1586558779
209,kahului,20.89,-156.47,84.2,45,13.87,1,US,1586558779
210,saskylakh,71.92,114.08,28.17,93,19.35,92,RU,1586558510
211,salalah,17.02,54.09,80.6,83,4.7,40,OM,1586558779
212,chapais,49.78,-74.85,37.4,37,17.22,1,CA,1586558780
213,vallenar,-28.57,-70.76,61.7,62,1.83,0,CL,1586558694
214,kamakwie,9.5,-12.23,79.2,76,3.91,63,SL,1586558780
215,chilca,-12.52,-76.74,73.4,83,5.82,20,PE,1586558780
216,boulder,40.08,-105.35,73.99,14,9.17,1,US,1586558759
217,rimbey,52.63,-114.24,32.0,67,8.05,90,CA,1586558780
218,muriti,-1.98,32.92,72.12,58,16.04,66,TZ,1586558780
219,requena,39.49,-1.1,61.0,77,3.36,20,ES,1586558780
220,matamoros,25.53,-103.25,86.0,16,11.41,75,MX,1586558781
221,fortuna,40.6,-124.16,57.0,81,11.41,75,US,1586558781
222,sitka,57.05,-135.33,46.4,36,4.7,1,US,1586558781
223,calama,-22.47,-68.93,71.6,21,24.16,20,CL,1586558781
224,naze,28.37,129.48,64.4,68,9.17,75,JP,1586558781
225,hobyo,5.35,48.53,82.33,70,8.81,92,SO,1586558514
226,prince rupert,54.32,-130.32,48.2,61,16.11,1,CA,1586558603
227,gobabis,-22.45,18.97,62.6,82,11.16,14,NA,1586558781
228,faanui,-16.48,-151.75,83.23,74,8.77,97,PF,1586558503
229,pangnirtung,66.15,-65.71,13.57,81,3.56,28,CA,1586558541
230,kallaste,58.66,27.16,37.4,64,11.41,93,EE,1586558782
231,machacamarca,-18.17,-67.03,53.92,12,2.33,0,BO,1586558782
232,morehead,37.27,-87.18,55.99,28,6.93,1,US,1586558782
233,hirara,24.8,125.28,66.2,88,4.7,20,JP,1586558782
234,ouegoa,-20.35,164.43,81.1,57,6.17,69,NC,1586558782
235,paraiso,9.84,-83.87,86.0,48,12.75,90,CR,1586558783
236,podares,41.61,22.54,50.0,49,5.99,0,MK,1586558783
237,port blair,11.67,92.75,82.24,68,7.94,84,IN,1586558593
238,lloro,5.5,-76.55,78.8,94,8.05,90,CO,1586558783
239,moses lake,47.13,-119.28,77.0,22,17.22,40,US,1586558783
240,el vendrell,41.22,1.53,59.0,87,3.36,100,ES,1586558783
241,vila franca do campo,37.72,-25.43,59.0,77,8.05,20,PT,1586558783
242,kommunisticheskiy,61.68,64.48,37.49,89,12.26,100,RU,1586558783
243,karwar,14.8,74.13,78.01,81,4.83,15,IN,1586558784
244,maniitsoq,65.42,-52.9,34.88,80,11.07,100,GL,1586558784
245,quetta,30.2,67.01,58.96,35,0.98,100,PK,1586558784
246,vila velha,-20.33,-40.29,73.4,88,1.12,90,BR,1586558489
247,frunze,48.67,38.75,47.88,81,12.68,91,UA,1586558784
248,balkanabat,39.51,54.37,55.13,47,2.17,30,TM,1586558784
249,aguimes,27.91,-15.45,68.0,68,19.46,20,ES,1586558784
250,upernavik,72.79,-56.15,11.26,86,10.38,0,GL,1586558784
251,gander,48.97,-54.59,35.6,100,20.8,75,CA,1586558639
252,college,64.86,-147.8,37.4,79,7.09,90,US,1586558537
253,fairbanks,64.84,-147.72,30.99,85,5.82,90,US,1586558585
254,caravelas,-17.71,-39.25,77.65,85,14.2,71,BR,1586558785
255,acaponeta,22.5,-105.36,84.85,34,8.72,37,MX,1586558785
256,nizwa,22.93,57.53,78.94,39,1.32,87,OM,1586558785
257,valle de allende,26.93,-105.4,79.38,9,22.64,85,MX,1586558785
258,khor,47.89,134.95,41.34,55,16.96,4,RU,1586558785
259,andenes,69.31,16.12,32.0,85,16.11,100,NO,1586558785
260,praia da vitoria,38.73,-27.07,60.8,87,9.53,20,PT,1586558786
261,benjamin constant,-4.38,-70.03,80.6,83,4.7,75,BR,1586558786
262,mar del plata,-38.0,-57.56,60.8,72,8.05,0,AR,1586558702
263,carlsbad,33.16,-117.35,59.0,93,3.36,90,US,1586558786
264,ballina,-28.87,153.57,73.99,88,5.82,8,AU,1586558787
265,pimentel,-6.84,-79.93,73.62,80,12.28,15,PE,1586558787
266,catuday,16.29,119.81,80.62,72,10.42,17,PH,1586558787
267,khandbari,27.37,87.2,65.62,20,5.41,1,NP,1586558562
268,almunecar,36.73,-3.69,59.0,72,3.36,90,ES,1586558787
269,ahipara,-35.17,173.17,64.81,63,4.12,28,NZ,1586558787
270,staryy nadym,65.61,72.68,33.24,98,12.44,100,RU,1586558787
271,nouadhibou,20.93,-17.03,71.6,64,19.46,0,MR,1586558787
272,bayonet point,28.33,-82.68,84.2,37,8.05,1,US,1586558787
273,ugoofaaru,5.67,73.0,83.64,71,2.91,17,MV,1586558787
274,coihaique,-45.58,-72.07,50.0,66,3.36,90,CL,1586558586
275,olafsvik,64.89,-23.71,36.52,80,13.82,36,IS,1586558788
276,obigarm,38.72,69.71,46.36,43,12.46,100,TJ,1586558788
277,phalodi,27.13,72.37,80.53,28,6.31,13,IN,1586558788
278,nuuk,64.18,-51.72,33.8,74,8.05,99,GL,1586558544
279,aswan,24.09,32.91,62.01,33,9.8,0,EG,1586558788
280,leningradskiy,69.38,178.42,10.76,87,8.21,38,RU,1586558788
281,synya,65.37,58.04,20.41,96,10.13,100,RU,1586558788
282,aldama,22.92,-98.07,93.99,74,5.99,79,MX,1586558788
283,mount isa,-20.73,139.5,73.4,27,9.17,99,AU,1586558549
284,souillac,-20.52,57.52,79.0,78,13.87,40,MU,1586558789
285,beloha,-25.17,45.05,71.46,80,13.94,40,MG,1586558789
286,ambon,-3.7,128.18,77.0,94,3.36,40,ID,1586558789
287,plettenberg bay,-34.05,23.37,62.98,55,2.75,14,ZA,1586558789
288,ambilobe,-13.2,49.05,72.95,83,4.61,10,MG,1586558563
289,katsuura,35.13,140.3,52.0,49,10.29,40,JP,1586558789
290,saint-francois,46.42,3.91,50.0,71,2.1,0,FR,1586558790
291,kouango,4.99,19.96,76.35,73,2.73,57,CF,1586558790
292,panama city,8.99,-79.52,91.4,59,12.75,20,PA,1586558712
293,kinablangan,7.69,126.55,81.84,64,6.26,51,PH,1586558790
294,codrington,-38.27,141.97,54.84,61,29.35,63,AU,1586558790
295,klaksvik,62.23,-6.59,44.6,93,10.29,100,FO,1586558549
296,tura,25.52,90.22,70.88,48,2.95,0,IN,1586558543
297,sao miguel do araguaia,-13.28,-50.16,76.19,79,1.45,14,BR,1586558790
298,half moon bay,37.46,-122.43,69.01,59,12.75,20,US,1586558791
299,suluq,31.67,20.25,57.11,74,8.84,0,LY,1586558791
300,grand gaube,-20.01,57.66,79.0,78,13.87,40,MU,1586558791
301,maceio,-9.67,-35.74,78.8,88,5.82,45,BR,1586558705
302,oktyabrskiy,54.48,53.47,37.85,70,10.98,97,RU,1586558791
303,trairi,-3.28,-39.27,80.08,83,6.55,100,BR,1586558791
304,tynda,55.17,124.72,33.03,72,3.65,44,RU,1586558791
305,lebu,-37.62,-73.65,56.77,91,9.71,78,CL,1586558509
306,buraydah,26.33,43.98,69.8,35,9.17,4,SA,1586558566
307,shimoda,34.67,138.95,48.99,48,1.01,77,JP,1586558519
308,beringovskiy,63.05,179.32,9.88,94,15.86,100,RU,1586558791
309,saint marys,30.73,-81.55,75.2,26,10.29,1,US,1586558580
310,kavaratti,10.57,72.64,84.13,70,6.11,0,IN,1586558792
311,karoi,-16.81,29.69,58.93,64,4.16,45,ZW,1586558792
312,colac,-38.33,143.58,53.01,93,5.99,70,AU,1586558792
313,oxelosund,58.67,17.1,33.8,74,1.86,3,SE,1586558792
314,pudozh,61.81,36.53,26.51,93,1.86,43,RU,1586558792
315,sayyan,15.17,44.32,58.71,36,3.51,0,YE,1586558792
316,limbang,4.75,115.0,78.8,94,3.36,75,MY,1586558792
317,olinda,-8.01,-34.86,86.0,74,5.82,40,BR,1586558793
318,ixtapa,20.7,-105.2,80.6,69,16.11,75,MX,1586558793
319,bubaque,11.28,-15.83,78.53,78,16.22,59,GW,1586558793
320,ishigaki,24.34,124.16,71.6,78,9.17,40,JP,1586558793
321,abu samrah,35.3,37.18,50.95,73,11.27,41,SY,1586558793
322,culebra,18.3,-65.3,84.2,74,11.41,1,PR,1586558793
323,hamilton,39.18,-84.53,50.0,39,9.17,75,US,1586558756
324,kaitangata,-46.28,169.85,59.0,73,2.75,0,NZ,1586558794
325,kabinda,-6.13,24.48,68.97,77,2.42,85,CD,1586558794
326,mersing,2.43,103.84,75.2,94,4.7,25,MY,1586558794
327,benguela,-12.58,13.41,77.99,82,2.28,1,AO,1586558794
328,san jose,37.34,-121.89,69.01,55,12.75,75,US,1586558608
329,vagay,57.94,69.02,37.42,97,4.68,99,RU,1586558796
330,broome,42.25,-75.83,39.99,55,19.46,90,US,1586558796
331,komsomolskiy,40.43,71.72,48.2,70,3.24,100,UZ,1586558796
332,te anau,-45.42,167.72,57.78,55,6.96,9,NZ,1586558796
333,marang,5.21,103.21,75.2,94,3.36,20,MY,1586558796
334,payo,-3.75,103.64,74.52,89,1.72,100,ID,1586558796
335,airai,-8.93,125.41,66.74,63,1.63,5,TL,1586558521
336,kirakira,-10.45,161.92,85.66,62,5.93,73,SB,1586558550
337,hammerfest,70.66,23.68,26.6,92,4.7,100,NO,1586558582
338,coos bay,43.37,-124.22,61.0,81,16.11,75,US,1586558797
339,mikkeli,61.69,27.27,26.01,100,4.7,48,FI,1586558757
340,luderitz,-26.65,15.16,57.2,82,3.36,0,NA,1586558505
341,yerbogachen,61.28,108.01,33.66,80,4.05,100,RU,1586558797
342,ambulu,-8.35,113.61,79.57,78,3.6,83,ID,1586558797
343,makakilo city,21.35,-158.09,82.4,64,9.17,90,US,1586558797
344,pangody,65.85,74.49,31.06,99,7.96,100,RU,1586558797
345,north myrtle beach,33.82,-78.68,63.0,20,18.34,1,US,1586558700
346,angoche,-16.23,39.91,75.18,87,8.28,11,MZ,1586558798
347,matay,28.42,30.78,60.15,53,5.95,0,EG,1586558798
348,aksarka,66.56,67.8,18.41,96,15.68,97,RU,1586558798
349,imbituba,-28.24,-48.67,68.0,64,8.05,40,BR,1586558577
350,sao filipe,14.9,-24.5,74.46,79,13.71,2,CV,1586558799
351,petersburg,37.23,-77.4,55.4,23,12.75,1,US,1586558800
352,san jeronimo,-11.95,-75.28,51.37,28,4.12,85,PE,1586558800
353,vuktyl,63.86,57.31,29.75,97,8.14,99,RU,1586558800
354,tilichiki,60.47,166.1,12.24,92,5.53,1,RU,1586558800
355,clarksville,36.53,-87.36,57.0,30,4.7,1,US,1586558800
356,kayerkan,69.35,87.76,21.2,85,24.61,40,RU,1586558801
357,boyolangu,-8.12,111.89,79.47,81,2.08,30,ID,1586558801
358,comodoro rivadavia,-45.87,-67.5,66.2,55,3.36,100,AR,1586558801
359,kaohsiung,22.62,120.31,73.0,78,3.36,20,TW,1586558801
360,dingle,11.0,122.67,81.21,71,10.67,36,PH,1586558801
361,wilmington,34.23,-77.94,63.0,18,17.22,1,US,1586558697
362,cuamba,-14.8,36.54,64.58,79,3.85,13,MZ,1586558801
363,deputatskiy,69.3,139.9,21.94,90,23.17,66,RU,1586558801
364,asau,46.43,26.4,45.0,48,10.29,67,RO,1586558528
365,urdoma,61.75,48.54,23.2,96,5.84,93,RU,1586558802
366,alofi,-19.06,-169.92,82.4,69,8.05,48,NU,1586558802
367,xinmin,41.99,122.83,26.6,68,2.24,0,CN,1586558802
368,sarangani,5.4,125.46,82.04,67,14.67,1,PH,1586558802
369,ust-maya,60.42,134.53,36.3,76,12.46,68,RU,1586558802
370,paamiut,61.99,-49.67,36.55,77,3.38,99,GL,1586558803
371,igarka,67.47,86.58,27.77,96,7.49,91,RU,1586558803
372,magdalena,14.2,121.43,80.01,78,1.12,20,PH,1586558803
373,lashio,22.93,97.75,64.85,44,0.98,12,MM,1586558803
374,arrifes,37.77,-25.7,59.0,77,8.05,20,PT,1586558803
375,vanavara,60.34,102.28,32.2,86,7.54,100,RU,1586558803
376,mehamn,71.04,27.85,26.13,89,18.28,99,NO,1586558806
377,jinxiang,22.86,115.7,70.36,79,4.56,92,CN,1586558806
378,netphen,50.92,8.1,55.0,57,2.24,72,DE,1586558807
379,barra do garcas,-15.89,-52.26,75.15,76,0.45,68,BR,1586558807
380,port keats,-14.25,129.55,73.58,87,12.46,79,AU,1586558807
381,kumbo,6.2,10.67,61.86,65,1.34,100,CM,1586558807
382,port lincoln,-34.73,135.87,61.72,62,14.54,99,AU,1586558807
383,kavieng,-2.57,150.8,84.11,73,5.12,99,PG,1586558807
384,manbij,36.53,37.95,48.2,87,11.7,74,SY,1586558808
385,lagos,6.58,3.75,80.6,88,5.86,20,NG,1586558669
386,tarboro,35.9,-77.54,57.99,26,11.41,1,US,1586558549
387,nortelandia,-14.45,-56.8,74.3,81,3.29,55,BR,1586558808
388,kanker,20.27,81.49,75.74,24,2.26,9,IN,1586558808
389,magaria,13.0,8.91,85.26,12,8.34,100,NE,1586558808
390,mont-dore,-22.28,166.58,79.0,54,3.36,20,NC,1586558808
391,yatou,37.15,122.38,46.85,63,8.1,100,CN,1586558672
392,balaipungut,1.05,101.28,80.6,88,1.45,40,ID,1586558809
393,mount gambier,-37.83,140.77,55.4,62,20.8,75,AU,1586558809
394,buchanan,5.88,-10.05,79.47,85,3.89,20,LR,1586558809
395,palu,-0.89,119.87,82.11,69,0.63,2,ID,1586558809
396,tehri,30.38,78.48,61.63,33,6.35,0,IN,1586558809
397,naron,43.52,-8.15,57.99,100,1.12,75,ES,1586558811
398,palana,59.12,159.97,15.91,91,2.01,18,RU,1586558811
399,mpika,-11.83,31.45,59.7,64,8.01,6,ZM,1586558811
400,bartica,6.4,-58.62,82.4,74,9.17,20,GY,1586558811
401,sinnamary,5.38,-52.95,79.77,81,12.68,96,GF,1586558811
402,silivri,41.08,28.23,50.0,57,5.82,1,TR,1586558811
403,cehegin,38.09,-1.8,55.0,92,2.17,49,ES,1586558812
404,chicama,-7.84,-79.15,75.9,70,7.05,65,PE,1586558812
405,taltal,-25.4,-70.48,62.65,78,3.13,11,CL,1586558664
406,carballo,43.21,-8.69,57.0,100,1.12,75,ES,1586558812
407,egvekinot,66.32,-179.17,10.62,85,3.06,0,RU,1586558812
408,prado,-17.34,-39.22,77.11,88,11.43,76,BR,1586558812
409,sosnovo-ozerskoye,52.52,111.54,42.49,39,1.68,0,RU,1586558812
410,belaya gora,68.53,146.42,30.2,94,12.64,89,RU,1586558813
411,bereda,43.27,-7.54,57.99,100,1.12,75,ES,1586558813
412,pacific grove,36.62,-121.92,68.0,67,12.75,1,US,1586558813
413,tutoia,-2.76,-42.27,80.26,85,8.1,92,BR,1586558813
414,faya,18.39,42.45,68.0,68,5.82,87,SA,1586558813
415,magadan,59.57,150.8,21.33,93,6.04,22,RU,1586558535
416,kamenka,51.32,42.77,48.99,54,5.01,96,RU,1586558554
417,kirkenaer,60.46,12.06,32.0,77,3.36,0,NO,1586558813
418,plouzane,48.38,-4.62,59.0,81,4.7,0,FR,1586558815
419,dunedin,-45.87,170.5,59.0,73,2.24,0,NZ,1586558815
420,touros,-5.2,-35.46,80.6,83,5.82,20,BR,1586558560
421,maunabo,18.01,-65.9,84.2,70,10.29,1,PR,1586558815
422,isla mujeres,21.23,-86.73,86.0,70,14.99,40,MX,1586558815
423,tabuk,17.42,121.44,77.99,71,1.12,36,PH,1586558816
424,dafeng,23.45,108.59,71.71,85,4.92,99,CN,1586558816
425,saldanha,-33.01,17.94,60.8,87,2.24,47,ZA,1586558816
426,palmer,42.16,-72.33,46.0,79,16.11,90,US,1586558816
427,male,4.17,73.51,83.84,68,1.68,3,MV,1586558816
428,dukat,62.55,155.55,11.14,86,7.05,0,RU,1586558816
429,manggar,-2.88,108.27,81.3,79,6.31,81,ID,1586558816
430,qui nhon,13.77,109.23,79.21,79,2.04,97,VN,1586558816
431,san andres,12.58,-81.7,84.2,74,10.29,40,CO,1586558816
432,port hedland,-20.32,118.57,71.6,88,5.82,0,AU,1586558816
433,amga,60.9,131.96,36.03,77,14.25,59,RU,1586558817
434,kindu,-2.95,25.95,71.8,84,1.72,88,CD,1586558817
435,morant bay,17.88,-76.41,84.2,79,6.93,20,JM,1586558817
436,karratha,-20.74,116.85,83.64,52,7.31,14,AU,1586558817
437,utete,-7.99,38.76,72.05,96,3.51,70,TZ,1586558817
438,porto belo,-27.16,-48.55,69.01,64,8.05,40,BR,1586558817
439,tabas,33.6,56.92,69.35,44,21.34,100,IR,1586558817
440,kailua,21.4,-157.74,82.4,54,9.17,90,US,1586558521
441,eyl,7.98,49.82,81.18,70,8.37,26,SO,1586558817
442,domodossola,46.12,8.29,60.01,66,2.55,0,IT,1586558817
443,isla vista,34.41,-119.86,66.2,67,8.05,40,US,1586558818
444,colares,38.8,-9.45,60.01,87,10.29,20,PT,1586558725
445,eidfjord,60.47,7.07,34.97,78,2.06,44,NO,1586558818
446,weyburn,49.67,-103.85,52.0,47,15.99,97,CA,1586558534
447,meulaboh,4.14,96.13,78.49,82,4.21,90,ID,1586558818
448,cururupu,-1.83,-44.87,78.76,89,5.73,69,BR,1586558818
449,vasai,19.47,72.8,82.4,78,5.82,40,IN,1586558808
450,laibin,23.7,109.27,71.04,86,6.51,97,CN,1586558818
451,bowen,-20.02,148.23,81.0,88,2.35,70,AU,1586558818
452,eirunepe,-6.66,-69.87,76.01,92,1.81,100,BR,1586558819
453,necochea,-38.55,-58.74,57.99,84,5.99,0,AR,1586558819
454,pinhao,-25.7,-51.66,49.95,60,1.66,12,BR,1586558819
455,akhisar,38.92,27.84,48.22,49,4.41,0,TR,1586558707
456,diego de almagro,-26.37,-70.05,58.08,56,0.51,1,CL,1586558819
457,sibolga,1.74,98.78,76.82,80,3.06,81,ID,1586558819
458,santa cruz de tenerife,28.47,-16.25,72.0,87,19.46,90,ES,1586558793
459,waingapu,-9.66,120.26,81.93,71,6.08,74,ID,1586558819
460,rafai,4.95,23.92,70.54,78,2.28,49,CF,1586558819
461,neiafu,-18.65,-173.98,77.79,65,7.63,30,TO,1586558820
462,soe,-9.86,124.28,70.03,77,2.55,36,ID,1586558820
463,jumla,29.27,82.18,42.28,24,5.1,69,NP,1586558820
464,constitucion,-35.33,-72.42,54.14,86,9.04,30,CL,1586558820
465,port-cartier,50.03,-66.87,34.0,89,4.7,90,CA,1586558820
466,melilla,35.29,-2.94,60.8,82,4.7,20,ES,1586558820
467,lorengau,-2.02,147.27,84.51,69,3.71,90,PG,1586558820
468,likasi,-10.98,26.73,60.87,65,4.43,93,CD,1586558820
469,kushnarenkovo,55.1,55.35,37.4,47,4.47,58,RU,1586558821
470,dicabisagan,17.08,122.42,78.42,78,4.16,85,PH,1586558821
471,sanda,34.88,135.23,50.0,81,2.24,40,JP,1586558821
472,iqaluit,63.75,-68.51,14.0,72,2.24,40,CA,1586558821
473,ilulissat,69.22,-51.1,30.2,63,4.7,10,GL,1586558821
474,oranjemund,-28.55,16.43,55.45,84,3.49,11,NA,1586558821
475,kargopol,61.51,38.95,22.21,94,2.17,10,RU,1586558821
476,jarocin,51.97,17.5,46.0,52,5.82,97,PL,1586558821
477,buzmeyin,38.05,58.21,48.2,81,2.24,75,TM,1586558821
478,margate,51.38,1.39,57.99,93,13.87,46,GB,1586558822
479,rio grande,-32.03,-52.1,63.91,80,10.36,0,BR,1586558550
480,puteyets,65.17,57.09,20.52,97,12.95,100,RU,1586558822
481,sunbury,-37.58,144.73,57.0,81,14.99,75,AU,1586558822
482,jalu,29.03,21.55,57.02,60,9.66,1,LY,1586558822
483,atlantic city,39.36,-74.42,50.0,36,23.04,90,US,1586558822
484,westport,41.14,-73.36,48.0,48,10.29,90,US,1586558822
485,bonavista,48.65,-53.11,37.0,83,4.0,98,CA,1586558822
486,port hardy,50.7,-127.42,51.8,76,12.75,75,CA,1586558822
487,fort nelson,58.81,-122.7,32.0,76,14.99,75,CA,1586558584
488,santona,43.44,-3.46,60.8,100,1.12,90,ES,1586558823
489,guerrero negro,27.98,-114.06,63.73,60,18.86,7,MX,1586558766
490,xining,36.62,101.77,34.25,28,2.21,0,CN,1586558823
491,ditrau,46.82,25.52,39.99,71,3.51,49,RO,1586558823
492,atbasar,51.8,68.33,35.56,76,3.6,15,KZ,1586558823
493,pocone,-16.26,-56.62,74.84,73,1.61,47,BR,1586558823
494,sri aman,1.24,111.46,75.2,100,0.58,100,MY,1586558824
495,loa janan,-0.58,117.09,79.5,80,4.18,21,ID,1586558824
496,gat,31.61,34.76,57.2,87,8.05,75,IL,1586558824
497,colomi,-17.35,-65.87,77.0,31,4.7,20,BO,1586558824
498,siocon,7.71,122.14,81.54,72,8.28,35,PH,1586558825
499,mahibadhoo,3.78,72.97,83.84,68,1.7,11,MV,1586558825
500,insar,53.87,44.37,39.63,88,11.77,100,RU,1586558825
501,kaeo,-35.1,173.78,66.99,73,4.0,3,NZ,1586558825
502,yermakovskoye,53.28,92.4,31.69,83,1.95,0,RU,1586558825
503,puerto montt,-41.47,-72.94,53.6,100,2.24,90,CL,1586558825
504,camocim,-2.9,-40.84,77.76,90,5.82,100,BR,1586558825
505,turukhansk,65.82,87.98,29.16,98,16.28,100,RU,1586558825
506,rakovnik,50.1,13.73,51.01,61,1.12,79,CZ,1586558825
507,oum hadjer,13.3,19.7,86.43,12,10.69,87,TD,1586558826
508,mareeba,-17.0,145.43,80.01,83,1.12,75,AU,1586558826
509,cockburn town,21.46,-71.14,79.02,71,2.59,0,TC,1586558543
510,chato,-2.64,31.77,67.15,63,7.16,39,TZ,1586558826
511,chama,47.18,8.46,54.0,66,2.55,0,CH,1586558826
512,san ignacio,17.16,-89.07,102.2,37,6.93,20,BZ,1586558826
513,dehloran,32.69,47.27,68.83,33,5.17,23,IR,1586558826
514,nhulunbuy,-12.23,136.77,78.8,88,5.82,75,AU,1586558826
515,haines junction,60.75,-137.51,29.37,71,4.05,0,CA,1586558827
516,zhangjiakou,40.81,114.88,43.66,35,12.17,0,CN,1586558827
517,mamallapuram,12.63,80.17,84.0,83,4.5,40,IN,1586558827
518,puerto penasco,31.32,-113.53,67.51,47,11.05,11,MX,1586558540
519,poieni,46.92,22.9,46.4,52,9.17,33,RO,1586558827
520,dongsheng,39.82,109.98,36.25,36,8.14,0,CN,1586558827
521,vilyuysk,63.76,121.62,29.35,95,9.08,2,RU,1586558827
522,aguilas,37.41,-1.58,55.0,77,3.62,3,ES,1586558581
523,houlton,46.13,-67.84,30.2,86,18.34,90,US,1586558828
524,tuy hoa,13.08,109.3,78.44,80,2.46,74,VN,1586558828
525,pierre,44.37,-100.35,61.0,25,3.36,1,US,1586558584
526,tagusao,9.19,117.81,83.37,67,4.03,34,PH,1586558828
527,saint-augustin,51.23,-58.65,29.1,97,25.12,100,CA,1586558828
528,gallup,35.53,-108.74,64.4,10,16.11,20,US,1586558828
529,airth,56.07,-3.77,54.0,100,1.12,100,GB,1586558829
530,berlevag,70.86,29.09,26.98,89,21.34,100,NO,1586558829
531,yaring,6.87,101.37,79.21,78,9.08,10,TH,1586558829
532,batagay,67.63,134.63,31.21,86,6.76,56,RU,1586558539
533,christchurch,-43.53,172.63,61.0,77,13.87,1,NZ,1586558787
534,rawson,-43.3,-65.1,72.27,40,18.77,61,AR,1586558829
535,nata,8.33,-80.52,82.0,38,3.0,33,PA,1586558829
536,chuncheng,22.17,111.79,75.99,70,0.6,93,CN,1586558829
537,nanyang,32.99,112.53,45.18,78,6.17,42,CN,1586558829
538,goreloye,52.94,41.5,40.86,78,6.64,100,RU,1586558829
539,canakkale,40.08,26.83,45.41,65,0.96,0,TR,1586558830
540,sao jose da coroa grande,-8.9,-35.15,81.45,80,9.13,11,BR,1586558830
541,yazykovo,55.22,56.14,35.42,75,11.59,23,RU,1586558830
542,kangaatsiaq,68.31,-53.46,32.0,91,11.39,34,GL,1586558830
543,norman wells,65.28,-126.83,30.2,42,10.29,20,CA,1586558830
544,rundu,-17.93,19.77,68.0,88,4.7,57,NA,1586558830
545,keene,42.93,-72.28,44.01,65,12.75,90,US,1586558830
546,kysyl-syr,63.9,122.76,28.42,95,8.37,0,RU,1586558830
547,hami,42.8,93.45,53.37,23,3.0,73,CN,1586558830
548,itarema,-2.92,-39.92,79.3,85,5.68,100,BR,1586558830
549,leh,34.17,77.58,25.95,22,2.35,9,IN,1586558830
550,chalmette,29.94,-89.96,73.99,40,8.05,1,US,1586558831
551,boca do acre,-8.75,-67.4,75.87,90,1.07,69,BR,1586558831
552,shanghai,31.22,121.46,60.01,87,6.71,75,CN,1586558623
553,nishihara,26.18,127.76,68.0,72,5.82,40,JP,1586558831
554,ruteng,-8.61,120.47,69.4,63,0.92,97,ID,1586558831
555,rehti,22.73,77.43,79.21,18,7.05,3,IN,1586558831
556,praia,14.92,-23.51,77.0,57,18.34,17,CV,1586558831
557,zholymbet,51.74,71.71,35.19,74,6.93,2,KZ,1586558832
558,tezu,27.92,96.17,69.13,32,3.33,0,IN,1586558832
559,ornskoldsvik,63.29,18.72,33.8,59,13.87,0,SE,1586558832
560,walvis bay,-22.96,14.51,63.0,85,1.99,3,NA,1586558832
561,cap malheureux,-19.98,57.61,79.0,78,13.87,40,MU,1586558832
562,san juan,-31.54,-68.54,71.83,33,2.39,0,AR,1586558832
563,luau,-10.71,22.22,66.04,69,3.67,100,AO,1586558832
564,chimbote,-9.09,-78.58,73.99,78,9.48,20,PE,1586558599
565,makat,47.65,53.35,42.46,64,10.29,7,KZ,1586558832
566,petropavlovsk-kamchatskiy,53.05,158.65,32.0,94,2.24,38,RU,1586558770
567,pirovskoye,57.63,92.27,30.6,91,6.69,50,RU,1586558832
568,isetskoye,56.49,65.32,37.44,86,7.25,1,RU,1586558833
569,agadez,19.75,10.25,76.05,16,4.9,84,NE,1586558833
570,pemangkat,1.17,108.97,78.1,83,4.45,100,ID,1586558833
